Username,Email,Domain
jbutt,jbutt@gmail.com,www.gmail.com
josephine_darakjy,josephine_darakjy@darakjy.org,www.darakjy.org
art,art@venere.org,www.venere.org
lpaprocki,lpaprocki@hotmail.com,www.hotmail.com
donette.foller,donette.foller@cox.net,www.cox.net
simona,simona@morasca.com,www.morasca.com
mitsue_tollner,mitsue_tollner@yahoo.com,www.yahoo.com
leota,leota@hotmail.com,www.hotmail.com
sage_wieser,sage_wieser@cox.net,www.cox.net
kris,kris@gmail.com,www.gmail.com
minna_amigon,minna_amigon@yahoo.com,www.yahoo.com
amaclead,amaclead@gmail.com,www.gmail.com
kiley.caldarera,kiley.caldarera@aol.com,www.aol.com
gruta,gruta@cox.net,www.cox.net
calbares,calbares@gmail.com,www.gmail.com
mattie,mattie@aol.com,www.aol.com
meaghan,meaghan@hotmail.com,www.hotmail.com
gladys.rim,gladys.rim@rim.org,www.rim.org
yuki_whobrey,yuki_whobrey@aol.com,www.aol.com
fletcher.flosi,fletcher.flosi@yahoo.com,www.yahoo.com
bette_nicka,bette_nicka@cox.net,www.cox.net
vinouye,vinouye@aol.com,www.aol.com
willard,willard@hotmail.com,www.hotmail.com
mroyster,mroyster@royster.com,www.royster.com
alisha,alisha@slusarski.com,www.slusarski.com
allene_iturbide,allene_iturbide@cox.net,www.cox.net
chanel.caudy,chanel.caudy@caudy.org,www.caudy.org
ezekiel,ezekiel@chui.com,www.chui.com
wkusko,wkusko@yahoo.com,www.yahoo.com
bfigeroa,bfigeroa@aol.com,www.aol.com
ammie,ammie@corrio.com,www.corrio.com
francine_vocelka,francine_vocelka@vocelka.com,www.vocelka.com
ernie_stenseth,ernie_stenseth@aol.com,www.aol.com
albina,albina@glick.com,www.glick.com
asergi,asergi@gmail.com,www.gmail.com
solange,solange@shinko.com,www.shinko.com
jose,jose@yahoo.com,www.yahoo.com
rozella.ostrosky,rozella.ostrosky@ostrosky.com,www.ostrosky.com
valentine_gillian,valentine_gillian@gmail.com,www.gmail.com
kati.rulapaugh,kati.rulapaugh@hotmail.com,www.hotmail.com
youlanda,youlanda@aol.com,www.aol.com
doldroyd,doldroyd@aol.com,www.aol.com
roxane,roxane@hotmail.com,www.hotmail.com
lperin,lperin@perin.org,www.perin.org
erick.ferencz,erick.ferencz@aol.com,www.aol.com
fsaylors,fsaylors@saylors.org,www.saylors.org
jina_briddick,jina_briddick@briddick.com,www.briddick.com
kanisha_waycott,kanisha_waycott@yahoo.com,www.yahoo.com
emerson.bowley,emerson.bowley@bowley.org,www.bowley.org
bmalet,bmalet@yahoo.com,www.yahoo.com
